id,英雄,事件,文本,情绪,音色,文件名
hero_44_line,负墟,登场,这里……连灵魂都留不住,空洞低沉·慢,男声-沙哑低沉,hero_44_line
hero_44_attack,负墟,普攻,沉下去,冷·短促,男声-沙哑低沉,hero_44_attack
hero_44_death,负墟,阵亡,墟，不空,气息散掉,男声-沙哑低沉,hero_44_death
hero_45_line,坠炮手,登场,坐标收到，风偏我自己修,冷静军旅,男声-沉稳中年,hero_45_line
hero_45_attack,坠炮手,普攻,落点，就这儿,冷静·爆破感,男声-沉稳中年,hero_45_attack
hero_45_death,坠炮手,阵亡,这下……偏了,不甘·喘,男声-沉稳中年,hero_45_death
hero_46_line,宿魂,登场,借你的身体用用,阴冷戏谑,男声-阴柔气声,hero_46_line
hero_46_attack,宿魂,普攻,别乱动,低笑·威胁,男声-阴柔气声,hero_46_attack
hero_46_death,宿魂,阵亡,这具壳……也不好使,嗤笑·虚弱,男声-阴柔气声,hero_46_death
hero_47_line,共鸣者,登场,你们的力气，借我,轻快自信,女声-清亮少女,hero_47_line
hero_47_attack,共鸣者,普攻,一起上,兴奋·齐声感,女声-清亮少女,hero_47_attack
hero_47_death,共鸣者,阵亡,共鸣……断了,失落·轻声,女声-清亮少女,hero_47_death
hero_48_line,装甲堡垒,登场,阵地已就位,机械平稳,女声-电子合成/机械,hero_48_line
hero_48_attack,装甲堡垒,普攻,碾过去,机械·重,女声-电子合成/机械,hero_48_attack
hero_48_death,装甲堡垒,阵亡,装甲，失效,机械降速,女声-电子合成/机械,hero_48_death
hero_49_line,荆棘树人,登场,根，已经扎下去了,苍老缓慢,男声-苍老浑厚,hero_49_line
hero_49_attack,荆棘树人,普攻,长吧,低沉·命令,男声-苍老浑厚,hero_49_attack
hero_49_death,荆棘树人,阵亡,树倒……根还在,浑浊·余韵,男声-苍老浑厚,hero_49_death
